{
  "Use Non-ASCII Font" : false,
  "Tags" : [

  ],
  "Ansi 12 Color" : {
    "Green Component" : 0.86277559999999998,
    "Blue Component" : 0.9982605,
    "Red Component" : 0.71165029999999996
  },
  "Ansi 7 Color" : {
    "Green Component" : 0.93353169999999996,
    "Blue Component" : 0.93353169999999996,
    "Red Component" : 0.93353169999999996
  },
  "Ansi 8 Color" : {
    "Green Component" : 0.4862745,
    "Blue Component" : 0.4862745,
    "Red Component" : 0.4862745
  },
  "Bold Color" : {
    "Green Component" : 1,
    "Blue Component" : 1,
    "Red Component" : 1
  },
  "Ansi 9 Color" : {
    "Green Component" : 0.71372550000000001,
    "Blue Component" : 0.69019609999999998,
    "Red Component" : 1
  },
  "Ansi 0 Color" : {
    "Green Component" : 0.30978869999999997,
    "Blue Component" : 0.30978869999999997,
    "Red Component" : 0.30978869999999997
  },
  "Guid" : "BC5FE3FE-5099-43EF-B612-FC21CAE5242F",
  "Rows" : 25,
  "Default Bookmark" : "No",
  "Cursor Guide Color" : {
    "Red Component" : 0.70214027166366577,
    "Color Space" : "sRGB",
    "Blue Component" : 1,
    "Alpha Component" : 0.25,
    "Green Component" : 0.92681378126144409
  },
  "Non-ASCII Anti Aliased" : true,
  "Use Bright Bold" : true,
  "Ansi 10 Color" : {
    "Green Component" : 1,
    "Blue Component" : 0.67277030000000004,
    "Red Component" : 0.80941479999999999
  },
  "Ambiguous Double Width" : false,
  "Jobs to Ignore" : [
    "rlogin",
    "ssh",
    "slogin",
    "telnet"
  ],
  "Ansi 15 Color" : {
    "Green Component" : 1,
    "Blue Component" : 1,
    "Red Component" : 1
  },
  "Foreground Color" : {
    "Green Component" : 0.73333334922790527,
    "Blue Component" : 0.73333334922790527,
    "Red Component" : 0.73333334922790527
  },
  "Working Directory" : "\/Users\/drusellers",
  "Blinking Cursor" : false,
  "Disable Window Resizing" : true,
  "Sync Title" : false,
  "Prompt Before Closing 2" : false,
  "BM Growl" : true,
  "Command" : "",
  "Description" : "Default",
  "Mouse Reporting" : true,
  "Screen" : -1,
  "Selection Color" : {
    "Green Component" : 0.22248570000000001,
    "Blue Component" : 0.51530609999999999,
    "Red Component" : 0.20990739999999999
  },
  "Columns" : 80,
  "Idle Code" : 0,
  "Ansi 13 Color" : {
    "Green Component" : 0.61330589999999996,
    "Blue Component" : 0.99652090000000004,
    "Red Component" : 1
  },
  "Custom Command" : "No",
  "ASCII Anti Aliased" : true,
  "Non Ascii Font" : "Monaco 12",
  "Vertical Spacing" : 1,
  "Use Bold Font" : true,
  "Option Key Sends" : 0,
  "Selected Text Color" : {
    "Green Component" : 0.94760049999999996,
    "Blue Component" : 0.94760049999999996,
    "Red Component" : 0.94760049999999996
  },
  "Background Color" : {
    "Green Component" : 0,
    "Blue Component" : 0,
    "Red Component" : 0
  },
  "Character Encoding" : 4,
  "Ansi 11 Color" : {
    "Green Component" : 1,
    "Blue Component" : 0.7996491,
    "Red Component" : 1
  },
  "Use Italic Font" : true,
  "Unlimited Scrollback" : false,
  "Keyboard Map" : {

  },
  "Window Type" : 0,
  "Background Image Location" : "",
  "Blur" : false,
  "Badge Color" : {
    "Red Component" : 1,
    "Color Space" : "sRGB",
    "Blue Component" : 0,
    "Alpha Component" : 0.5,
    "Green Component" : 0.14910027384757996
  },
  "Scrollback Lines" : 10000,
  "Send Code When Idle" : false,
  "Close Sessions On End" : true,
  "Terminal Type" : "xterm-256color",
  "Visual Bell" : true,
  "Flashing Bell" : false,
  "Silence Bell" : false,
  "Ansi 14 Color" : {
    "Green Component" : 0.87631029999999999,
    "Blue Component" : 0.99703969999999997,
    "Red Component" : 0.87591359999999996
  },
  "ASCII Ligatures" : true,
  "Name" : "Default",
  "Cursor Text Color" : {
    "Green Component" : 1,
    "Blue Component" : 1,
    "Red Component" : 1
  },
  "Match Background Color" : {
    "Red Component" : 1,
    "Color Space" : "P3",
    "Blue Component" : 0,
    "Alpha Component" : 1,
    "Green Component" : 1
  },
  "Shortcut" : "",
  "Cursor Color" : {
    "Green Component" : 0.64705880000000005,
    "Blue Component" : 0.37647059999999999,
    "Red Component" : 1
  },
  "Transparency" : 0,
  "Ansi 1 Color" : {
    "Green Component" : 0.4235294,
    "Blue Component" : 0.37647059999999999,
    "Red Component" : 1
  },
  "Horizontal Spacing" : 1,
  "Custom Directory" : "Recycle",
  "Link Color" : {
    "Red Component" : 0,
    "Color Space" : "sRGB",
    "Blue Component" : 0.73422712087631226,
    "Alpha Component" : 1,
    "Green Component" : 0.35915297269821167
  },
  "Right Option Key Sends" : 0,
  "Ansi 6 Color" : {
    "Green Component" : 0.77254900000000004,
    "Blue Component" : 0.99607840000000003,
    "Red Component" : 0.77647060000000001
  },
  "Ansi 2 Color" : {
    "Green Component" : 1,
    "Blue Component" : 0.37647059999999999,
    "Red Component" : 0.65882350000000001
  },
  "Normal Font" : "FiraCodeNFM-Reg 11",
  "Ansi 3 Color" : {
    "Green Component" : 1,
    "Blue Component" : 0.71372550000000001,
    "Red Component" : 1
  },
  "Ansi 4 Color" : {
    "Green Component" : 0.79607839999999996,
    "Blue Component" : 0.99607840000000003,
    "Red Component" : 0.58823530000000002
  },
  "Ansi 5 Color" : {
    "Green Component" : 0.4509804,
    "Blue Component" : 0.99215690000000001,
    "Red Component" : 1
  }
}